Source,Stars,Date,Guest ,Comments
Tripadvisor,3,04/06/2025,Jonathan J,"Ordered vegan breakfast, came with no mushroom or avocado as advertised. Had to point this out to the waitress. Tomato tasted of steak but was assured it was a separate griddle. Fresh orange was good, and my daughter enjoyed the pancakes. Service was good. Let down by the ""vegan"" breakfast."
Tripadvisor,1,08/05/2025,Lauren A,"What a disappointment… Been coming to Botanico since it opened with my partner and family. We visit on average at least once a week but not any more. Standards have been sliding for our last few visits but what happened to us on Saturday means that we definitely will not be returning. Issues began with dirty cutlery on two occasions and drinks with suspicious looking “floaties”. These were sent back and the problems fixed. Then on Saturday my partner and I went for dinner and ordered the tagliatelle with mushroom and chicken. When our meals arrived, we both took a bite of chicken and were disgusted at the foul fish taste which could only have been as a result of the chicken being off. When we inspected more closely, we saw that the chicken was a grey colour and somewhat slimy. We were horrified to say the least and told our waitress immediately. Our meals were swapped (at this point we couldn’t stomach the thought of anything else with chicken in it) and our replacement meals arrived. I spent the rest of the meal feeling sick at the thought of having swallowed something that could have potentially made me and my partner very ill. Told staff who apologised but didn’t take the cost of our meals off the bill or show any gesture to try and make us feel better about the awful situation. Paid full price to feel absolutely disgusted at what we had just eaten and ended up with cold sides whilst waiting for our replacement meals. No offer to replace the sides. My parents had had afternoon tea the week before and as another reviewer also experienced, they were unable to eat half of the sandwiches as they were so tough. I felt so upset by our experience that I went to one of the manageresses (no one had bothered to come over to us the whole time) and told her about the situation. She apologised but after this, we will not be back (very sadly as we did love botanico) To the owners… please look to improve or you will end up having to re brand again to get people to come back. 3.5 rating says failing restaurant…"
Tripadvisor,4,08/05/2025,BeckC64,"Afternoon tea review Generally pretty good afternoon tea. Cakes were the superstars of the event. Sandwiches not so. Cut unevenly and had gone a bit dry. Cakes were great. Unsure what they were though as no menu and service team didn’t know what they were. 2 scones served amazing! But only one jam and cream so need to be one per scone ideally. Also tea served with hot milk, asked for cold which seemed to cause confusion. Teapots need a good wash too also. In summary. Mystery cakes were really lovely. Other things need to be lifted to make it really worth the money. So close!…"
Tripadvisor,3,23/04/2025,Sparkipeat,"Back for a second go. Service from the kitchen was the issue last time.
I'm genuinely easy to please when dining out, just require the basics of good service and good food. Not entirely happy with the food this time, Tagliatelle Bolognaise. It was ok and edible but the sauce was bland and tasteless and the meat in it was dry. I tried salt and pepper and asked for parmesan but there was no difference. I found myself thinking I could make better at home which is never a good sign. I did politely say something at the time. No big deal but I don't think I will go again, there's better in the Village"
Tripadvisor,3,15/04/2025,andrea,"Mediocre! Fry up ordered with poached eggs. Eggs weren’t cooked properly and very ‘snotty’ inside. Rest of the breakfast was warm not hot. Poached eggs on the Eggs Benedict were the same. I mean the place is decorated lovely but food definitely not worth the price. £60 odd for 4, money NOT well spent."
Tripadvisor,1,24/03/2025,Kellie W,"Awful place!!!! my little boys Food was cold and looked like somebody’s left overs, my main had a big black hair in it and when i told the waitress she said “oh” that was it and took it away, nobody came back to the table then!
been waiting to get the time to come here and most certainly won’t be going back or recommending to anyone else."
Tripadvisor,1,22/03/2025,Julie R,"Food was awful, 4 prawns in a king prawn linguine main. Caesar salad croutons and bacon too hard to eat. Service awful, food banged onto the table - won’t be going again as much better restaurants in the area"
Tripadvisor,1,19/03/2025,"
M8027BLelaineb","Went for lunch today , ordered a steak sandwich and a club sandwich both came with chunky chips , chips were terrible , like they had been cooked then placed in the oven , dry and hard , club sandwich was shredded chicken into some sort of paste with mayonnaise on some sort on extra thick toasty bread - not home made ! Service was poor - nobody checked back to see if food was ok , then when waitress did reappear to take plates and could see both meals hardly touched did not ask if everything was ok . Poor service , poor food won’t be back ."
Tripadvisor,4,09/03/2025,CheshireColumbus,"Came for tea with my son on evening after school pick up. We shared calamari and a pizza. Calamari was unreal…really good and not the usual thin ‘stringy’ cheap stuff, so this was excellent. Sadly a little disappointed by the pizza, even my son was a bit ‘meh’ on it, as it really wasn’t that tasty. The look the place is superb, service was excellent and the desserts are great. Few tweaks and this place could be outstanding."
Tripadvisor,2,08/03/2025,1987Lucy,"Visited for breakfast as I was given a voucher for my birthday.
Food is so overpriced for the small amount you get - £11 for 1 piece of toast 2 small rashers of bacon 2 pouched eggs.
The male manager standing on reception also needs to learn some manners, speak to the staff with some respect & smile as he’s first person we seen when we walked in and his attitude was poor."
Tripadvisor,2,15/02/2025,"
Stacey H","Family birthday meal location is lovely and service was on the hole good to average depending who we were speaking to. Food was a mixed bag one Arabiata pasta was bland, pizza looked great but was again bland and fish tasted like it was on the turn in parts and was very mushy so either frozen and not defrosted properly or overcooked. When server was informed he was quick to come back and say chef said it was fresh and delivered yesterday, must have been the herbs or spices on it( there were no herbs or spices on it). The situation could have been handled better, didn’t want a freebie had eaten most of it was just making them aware it just tasted off in parts and things like that happen. Have been once before and it was lovely but won’t be going again after tonight’s very average meal with a slightly higher than average price tag."
Tripadvisor,4,13/02/2025,Kevan E,"We had a lovely evening at Botanico with family. Staff we all very nice and the food was excellentand great value for money. Service was a tiny bit patchy, but it was very busy.
Would definitely eat there again"
Tripadvisor,2,03/02/2025,Billy C,"Decor is beautiful, food was lovely. I ordered a GLASS of fresh orange and lemonade. It came full of ice, meaning approx 1/4 glass of orange and 1/4 glass of lemonade had been used. I was charged £7.80 for the drink, which is disgusting. I am livid and wont be returning. Be sure to check your bills before paying as this is nothing short of extortion"
Tripadvisor,1,01/02/2025,Harry J,"""Went to botanico this evening (01/02/2025)
For a catch-up with friends after Christmas.

First impressions the venue is absolutely stunning! & the front of house staff are amazing.

HOWEVER we couldn’t say the same about the kitchen!

Definitely false advertisement on the menu too…

We ordered 2 or the chicken ballotine if that’s how it’s spelt. And the menu says it comes with mash potatoes, when it arrived it was not a piece of chicken, it was like skin stuffed. There was no mash potatoes what so ever instead it was served with a liquid form of sick.

Honestly a baby food purée would have been thicker and more tasteful. So disappointing.

Moving on…

The pollo Milanese
Came with the most tiniest and blandest spaghetti going. And the chicken looked and tasted as if it came straight out the freezer. So bland. Then 4 peices of what was suppose to be rocket salad, however looked like they picked a dock-leaf out of the hanging basket outside

Honestly would defo not recommend this place to anyone! It was the worst meal of my entire life.

Such a shame. After the ‘false’ brilliant advertisement the establishment gets.

Honestly the only good thing was when the bill arrived.

Such a shame because the front of house staff are lovely."""
Tripadvisor,3,04/01/2025,MIKE K,"This afternoon bought 1 strawberry cheesecake and 2 scoops ice cream from Botanico bakery, charged £8 for the cake and £5 for ice cream, bear in mind this is take away. I can order a lemon & lime cheesecake sitting at a table in Il Forno in town centre for £7 and have it brought to me at the table. £8 for a small cake ridicolous wont be going back."
Tripadvisor,1,03/01/2025,Carol,"Very busy on arrival was ignored by the greeter ironically for 5 minutes while she was on the phone. She did not say hello or smile just led us to a table and plonked the menus down. The pot of tea was cold, replaced it and that was cold too. If you can't get a cup of tea right that is a problem. The staff don't seem happy there. The food was average for a higher price. The only impression left was to never go there again very under whelming. Looks good but nothing special. Very disappointed"
Tripadvisor,1,02/01/2025,lynds22,"Went for a coffee and cake with my daughter and definitely won’t be returning!
£4 for a very small average latte but astoundingly £8 each for a cake! That’s £24 for 2 small lattes and 2 average cakes. We waited about 10 minutes after being served the lattes for the cakes to arrive on a plate with lots off sauces decorated on it. The prices are not on the cakes at all in the display so if they had of been I wouldn’t have got them. We left half on the plate as wasn’t that nice. Staff slightly rude too when asked to pay. Stay away as it’s very over priced for the quality."
Google,4,11/06/2025,Christina O'Hare,"Enjoyed our meals, staff were brilliant, just a bit pricey on the drinks....buy all round a wonderful lunch will be coming again.👍"
Google,4,09/06/2025,N,"Exquisite food that was very creative and full of incredible flavors. This is a popular spot for good reason. I was impressed by the vegan options available. However, it would be nice for there to be some vegan and vegetarian options that were more protein dense."
Google,1,04/06/2025,Yvona,"Brutal. We went for lunch to Botanico to celebrate an occasion and the food was just atrocious. Soggy, disgustingly oily chips, tiny portion of a steak sandwich and chicken burger was dry as can be. To top it all of the server spilled my drink all over me and didn’t even replace it. Safe to say we’re never going there again."
Google,2,28/05/2025,Janie Cara,"I was looking forward to trying this place after passing by it so many times. The restaurant is visually appealing both inside and out, and the menu offers a good variety of options. The starter was quite tasty, which set high expectations. Unfortunately, the main course (a pasta dish) was very watery, bland, and lacked any real flavour, and to make matters worse, the portion was tiny, with barely anything on the plate. For the price, it just wasn’t worth it. This was especially disappointing as it was meant to be a special anniversary meal. Sadly, I won’t be returning."
Google,2,29/05/2025,Elliot Ierston Dailey,Food was bland. McDonalds job afterwards
Google,1,15/05/2025,"
Ann Constable","Went for afternoon tea which looked nice but it wasn't the best, manager was very snotty our tea came at 1pm and the afternoon tea came at 1.40 pm when I complained to manger she seemed like I had put her out and I found her quiet dismissive, lovely place ,food ok ,service awful and at £30per person i expected more won't be going again"
Google,3,08/05/2025,J D,Used to be a regular here since it opened but prices have increased a lot recently and quality has dropped significantly too. A small piece of toast with some avocado spread on top of it and a couple of cherry tomatoes served with a tiny amount of crushed feta will set you back around £13!? Add 2 poached eggs and this costs over £15! I’d love if management reconsidered the value for money aspect of what they offer now as I think they missed the mark now
Google,2,24/04/2025,suefixit,"Visited here with my daughter. She ordered steak & eggs & I ordered the fry up. Steak & eggs were fine but the fry up was awful. Eggs were like bullets, bacon overcooked. Hash brown disintegrated when I cut it. Sourdough is no good for toast (too hard & doesnt brown). The steak & eggs was £16, the fry up £14.50. The fry up is far too overpriced for what you got. On top of this £6 for 2 teas. Had to ask the waitress to top the pot up with water as it only gave 1½ cups of tea (the manager did deduct £3 off when I pointed this out). All in all lovely place but this fry up had gone from £12 to £14.50 in a year. The menu needs re jigging. Maybe a 5 items option on the fry up or sausage or bacon on toast (bloomer bread) etc otherwise people will get fed up and move elsewhere."
Google,2,05/04/2025,Tracy Hughes,"Visited for the first time today for breakfast. Front of house staff asked us to follow her to our seat, but never actually indicated which was ours, she hust walked us to the end of a row and then carried on, so we assumed that this was our seat. Service was pretty poor, although our waiter was very polite. No one attended to us for at least 15 minutrs after we arrived. We ordered drinks and food. 2 coffees arrived - one was incorrect so sent that back - but no tea. We mentioned this to a passing waitress and did eventually get it, as the food came. Food was mediocre and not abundant, considering prices. Won't be in a rush to return."
Google,1,05/04/2025,K Kaur,Whilst our breakfast was nice enough but I won’t be going back after seeing who I presume was the manager speaking to the staff incredibly poorly & was very uncomfortable to watch.
Google,1,12/04/2025,Tracey Gledhill,"My son had bought vouchers for my 60th birthday as an extra treat. Told when he paid in advance in January it would cover Luxury Afternoon Tea!
They would not honour this so we had Traditional afternoon tea instead and still had to pay a deposit of £20 to book. Arrived at the front desk to be pointed to where we needed to go, when eventually seated they were quite rude. Not at any time did staff come over to us except to bring our meal, then take it away. We were also told that they don't give back deposits..and we could have cakes with what was left from the deposit. The lady who dealt with us needs a lesson in manners...rude!"
Google,2,12/04/2025,Audrey Sandales,"Celebrating with our son Lee after him winning a BAFTA and Oscar for his incredible work on the film Wicked. Him and his family had travelled from London to spend the weekend with his parents, brother and his family. 2 main courses cold, 2 main courses served just warm sent back, wrong side dish served to our table, nothing reordered, then was asked would we like to order more drinks or desserts!! No apology from the Manager after my husband asked the waitress to deduct the meals from our bill. The following day l checked the bill to find only 2 meals had been deducted, see what the Manager has to say about this when l pop in there later today !!!!!😡"
Google,2,22/04/2025,suefixit,"Visited here with my daughter. She ordered steak & eggs & I ordered the fry up. Steak & eggs were fine but the fry up was awful. Eggs were like bullets, bacon overcooked. Hash brown disintegrated when I cut it. Sourdough is no good for toast (too hard & doesnt brown). The steak & eggs was £16, the fry up £14.50. The fry up is far too overpriced for what you got. On top of this £6 for 2 teas. Had to ask the waitress to top the pot up with water as it only gave 1½ cups of tea (the manager did deduct £3 off when I pointed this out). All in all lovely place but this fry up had gone from £12 to £14.50 in a year. The menu needs re jigging. Maybe a 5 items option on the fry up or sausage or bacon on toast (bloomer bread) etc otherwise people will get fed up and move elsewhere."
Google,2,29/03/2025,Tracy Hughes,"Visited for the first time today for breakfast. Front of house staff asked us to follow her to our seat, but never actually indicated which was ours, she hust walked us to the end of a row and then carried on, so we assumed that this was our seat. Service was pretty poor, although our waiter was very polite. No one attended to us for at least 15 minutrs after we arrived. We ordered drinks and food. 2 coffees arrived - one was incorrect so sent that back - but no tea. We mentioned this to a passing waitress and did eventually get it, as the food came. Food was mediocre and not abundant, considering prices. Won't be in a rush to return."
Google,2,29/03/2025,M C,"Food was lovely. Young waitress brought our food she was smiley and lovely however the front of house / meet and greet was rude and non engaging. Not a hello. Just ""have you booked""? Took us to our table threw down and menus then walked away. She came over took our order with the same miserable face. She could do with training in customer service. Took the shine out of what could have been a 5 star experience."
Google,1,26/03/2025,Tom Gledhill,"Bought a voucher as a 60th birthday present, the hostess showed no discretion whatsoever that I had a voucher for luxury afternoon tea (from January) which was blatently a specific price relative to luxury tea before prices changed (£58). Now, apparently that voucher is inadequate, although I spoke with a manager in January to ensure that it would be applicable for use on a luxury tea... overall hostess rather rude, showed no discretion at all and her understanding was negligible at best to the situation I clearly explained, multiple times. Better places elsewhere in the city."
Google,1,25/03/2025,Jess,"Went there for brunch, the service started out alright, our order was taken promptly and drinks delivered quickly.
However, we waited about 40 minutes for food, 3 other tables that came in after us got their food. When we asked where ours was the reply was ""I forgot to put it through"". While they did give us a tea on the house, when the food came it was stone cold. The eggs were undercooked, the avocado was brown, was tasteless and had clearly been left out too long. The French toast was dry and looked as though it hadn't been soaked in egg much at all, it was undercooked in the middle and overcooked on the outside. The orange it came with was a tasteless curd type thing and the honeycomb was a very small amount of crushed crunchie and not what I was expecting. Again the French toast was stone cold despite it apparently just being cooked.
We've been here many times since it's been open and the staff, service and standard of food has declined massively.
The staff don't check back with you and are rude, disinterested and unhelpful (with the exceptions of one or two) you feel more of a hindrance being there than anything else.
We used to love coming here but after our last experience we won't be back. It's overpriced for the standard of food and service you get. Save your money and stay home."
Google,2,23/03/2025,6 times,"Similar to a school canteen , only you are served by the disinterested sixth formers. Food was poor. Menu was expansive but half the things we asked for were unavailable. My pasta was probably the worst I have ever bought in a restaurant. Waitress was not really interested. My partner enjoyed her vegetarian roast.. Cauliflower , carrots and potatoes."
Google,2,22/03/2025,"
Reece","Venue is nice, however the staff (manager especially) are ignorant and impolite. The manager was completely dismissive of us when asking for a new wine glasses because our current glasses were dirty. Food arrived wrong and again the manager wasn’t apologetic and was annoyed to be replacing the dish. General service was poor and slow. Food was bland. Won’t be returning."
Google,1,22/03/2025,Dani Carroll-Peters,Food absolutely amazing but the service from the front of house was just embarrassing she literally slammed down the menus on our table and carried on walking. We had the table booked-as a treat on Friday night for me and my sister-so looking forward to it and and the service was appalling I was so shocked! Was so looking forward to it! Won’t be returning
Google,2,15/03/2025,Concetta Vormawah,Service was fantastic the cappuccino was lovely but unfortunately I had steak from the brunch menu and it was just ok very thin and the peppercorn sauce was watery wouldn’t say it was value for money.
Google,1,08/03/2025,Nikki Stockton,"The place itself is lovely, clean and altogether nice.
Customer service is non existent. Staff are very snobby, unhelpful. Extremely slow.
The food, I had to sent back as it came without half the things it was suppose to have and when I asked about it, no apology. Food was cold, hot drink was cold.
Service was just generally shocking. I’ve never complained about food but here I did.
Shocking. So many more nicer places with much much nicer staff so I wouldn’t waste your money."
Google,2,01/03/2025,John Brody,"Really dissapointed with the service because the food was nice.
I ordered a drink and it never came so we just got the bill and left.
There were people sitting next to us were getting great service,,but from the time we sat down our service was really poor,,will not be going back."
Google,1,15/02/2025,jason tran,"1st time and last time in here ,front of house not welcoming breakfast warm poached eggs rock hard ,waited for new eggs cooks bell went for new eggs ready on pass, front of house lady forgot totally about us ,she brought eggs over after sitting on pass 10mins ,brought them over but way to late and eggs would of probably been hard again, we ended up leaving paying half the bill."
Google,1,27/02/2025,Sean Foster,"Been twice, food has been very poor both time. Completely burned Calzone on second visit. Staff very good though and good atmosphere."
Google,2,27/02/2025,Billy Cureton,"decor is beautiful, food was lovely. I ordered a GLASS of fresh orange and lemonade. It came full of ice, meaning approx 1/4 glass of orange and 1/4 glass of lemonade had been used. I was charged £7.80 for the drink, which is disgusting. I am livid and wont be returning. Be sure to check your bills before paying as this is nothing short of extortion"
Google,2,30/01/2025,June Duff,Service was absolutely awful miserable untrained staff from start to finish one of whom did not understand English gyu on the desk never smiled or greeted customers just looked like he didn't want to be there's ordered the Sunday roast which was cold when it arrived one of our party ordered a pizza which didn't arrive until we had nearly finished our meal waited 20 minutes for a glass of wine after asking twice untrained staff passing food over other people instead of to the customer directly waited 20 minutes after we had finished our meal for a dessert menu which we had to go up and ask for and when we checked our bill the 30 pound deposit that I had paid was not deducted from the bill will not be going back again
Google,1,30/01/2025,THOMAS BRENNAN,Meal ruined by owners of 2 dogs that were sitting on the next table. I don’t have a problem with dogs being in a dog friendly restaurant but the dogs were allowed to jump over the seats and were constantly barking. This ruined our meal and we will not return until staff are trained to ask dog owners to be more responsible when they allow dogs to behave like this. Maybe there could be a separate dog friendly area in the courtyard
Google,1,30/01/2025,"
Gillian Laing","Went last night for first time, never again. Waited 15 minutes to be sitted at pre booked table. Food very bland absolutely no flavour. I had calamari followed by lobster ravioli Partner had chicken wings he said were nice. But then had belly pork which was also bland."
Google,3,30/01/2025,"
Cliff","Had garlic and mozzarella bread which was really nice to start but the chicken Milanese was really dry with dodgy pasta sauce , friend had king prawn pasta and there were only 3 prawns !
Don’t think it’s good enough really , won’t be back"
