Tripadvisor,,,,,,
Stars,Site,Date,Guest ,Area for Improvement,Comments,Action Required
1,Lark Lane,19/05/25,GBeddows,,"We recently visited this cafe and unfortunately, our experience wasn’t great. We arrived and were seated pretty quickly, which was a good start. But after that, things took a turn. We looked over the menu and were ready to order, but the waiter seemed to be focused on another couple who had just arrived. He took their order right away, while we were left waiting.

We ended up sitting there for about fifteen minutes without anyone checking in on us. The waiter eventually returned, but instead of taking our order, he spent time sorting the cutlery tray. Other staff members walked by, but no one bothered to acknowledge us or see if we needed anything. It was really frustrating.

In the end, we decided to leave and as we were heading out, the manager asked if everything was okay. I told him it wasn’t, but we had already made up our minds to go elsewhere. If you enjoy being ignored and have all day to wait for food, maybe this place will work for you. For us, though, there are definitely better options on Lark Lane.",
4,Docks,26/04/25,Howard-Liverpool,Value/Service,"Only just a 4 star. Have watched this tiny area develop and looked forward to this place opening - so a first visit. The place is nicely decorated - very well put together and a few seats outside - on a nice day would be pleasant place for a coffee. The cakes etc on sale are excellent. slightly expensive but adventurous and exciting. Tastes of the item I had was very good. The coffee good but I would like a bit stronger but that is preference. The part that is lacking and made the experience poor was 1 member of staff. There was no greeting from him, We weren't looked at and on ordering there was no eye contact. It was as if he wanted to take the order - too much trouble and get rid of you! He seemed to think he was far too important to customers and sadly to staff. There were young staff there who were superb. Smiles contact and overall efficiency and pleasantness. I did watch one thing happen where hygiene inspectors would go crackers! Not rushing to revisit but will watch the place as very local.",
1,Italian Quarter,20/04/25,Len B,,We visited here for a family birthday breakfast and we were so excited. Resturant looked nice inside and the waitress was so friendly and kind. We ordered our way to overpriced food just for her to get a lot of it wrong. Then the little small man behind the tills was shouting at her. Our whole family could hear and see him shouting badly at the waitress. When our drinks came out after 30 minutes we waited for our food. By the time our food was here we had been there 1 hour. They proceed to get EVERYTHING wrong. And when we complain they blame it on us! They were so rude and all 4 staff were lingering over our food at the tills touching it bare hands and asking us what’s right and wrong. When we told them our correct order they brung it out wrong AGAIN! Then again! At that point we just had to eat our incorrect break-mess. I do not recommend and when we asked for the bill we got charged for everything we should’ve got but didn’t! Total scam and waste of time. DO NOT RECCOMEND.,
4,Lark Lane,17/04/25,"
K.L",,This is a pretty simple review as I only had a drink but i loved it enough to write a review! Lovely little place on lark lane with seating inside and outside. The seating inside is limited as the building is smaller but thats not a criticism just a warning as its usually busy! I absolutely the design and they always have super delicious looking desserts on display. I ordered a banoffee pie milkshake and it was absolutely delicious!!! Cant wait to come back and try the food,
1,Italian Quarter,14/04/25,Hannah,Food/Value/Service/Atmosphere,"We ordered a giant chocolate Crossiant for my daughter’s birthday we thought it would be a special treat and abit different than a birthday cake. We ordered the Giant Chocolate Crossiant weeks in advance to ensure my daughter’s birthday Crossiant would be made on time. My husband attended to collect the Crossiant on Sunday morning, the staff told him it had not been made! This was a total disappointment for us all especially my young daughter on her birthday! Costco thankfully saved the day! The bakery did say they would make us one for Monday but there was no point as her birthday was Sunday. Overall very disappointed with the service and due to this would never attend bakery. Very upset customers.",
3,Docks,11/04/25,Sue C,,"Lovely location and venue. Recently opened. It’s in my community and much needed. The food is well presented and quality. However, each time I’ve been the service has been incredibly slow. On the latest occasion I went with visitors to Liverpool to have a nice experience. An hour after ordering we were still waiting for our lunches. Our guests had to leave without their lunch as they were booked into the touring Ferry on the Mersey River. Advice is to go IF you have plenty of time to wait. The service is just about polite
but impersonal. There was no apology or recompense for my embarrassment and my guests had a very poor experience. I live next door to the Cafe but couldn’t reasonably recommend to my neighbours or take friends, which is a shame because we were looking forward to the opening. I hope the owners aren’t complacent about this and respond with action to this feedback. It could be great but had to give an average score as people will not go if word gets around.",
4,Lark Lane,10/04/25,Murdom,,"Come here a few times early in the morning when it is quiet. Very comfortable and well appointed establishment. Pastries are varied and, on the whole, really tasty. I normally order a flat white, good rather than exquisite (for my palette it seems a little too tepid). But generally friendly, attentive staff.",
3,Lark Lane,31/03/25,JFergo,Food/Value/Service/Atmosphere,"In a hurry, I grabbed 2 cannoli to go. One classic, the other chocolate. The place itself is beautifully presented, and the staff all very friendly, and quick to serve.

The cannoli however were a little disappointing. Don't get me wrong, the flavours were there, the texture was a little off. There was no snap to the shell of the cannoli. Likely being completed, the moisture of the filling had made the shell a little soggy, and so less satisfying.
In their city centre store, I'd seen the shells rather than whole cannoli on the counter. I assume they pipe the filling to order. Deffo the way to go for a crisper product.
",
2,Italian Quarter,09/03/25,Charlie C,,"Was here today for breakfast with my sons and grandson.
We were waiting over forty minutes for the food.
My sons and grandson were happy with their order.
My breakfast was very poor. It was the fried breakfast with bacon, sausage, tomato, beans, eggs, mushroom, black pudding and croissant.
Most of it was cold and the fried eggs were raw on the inside. Very poor.
The young lady who served us is lovely.
I would have given only one star except I got an apology from the manager and wasn’t charged for my meal.
There was only one group ahead of us when we went in so we shouldn’t have had to wait that long. It did fill up while we were waiting.
I would have asked for another hot breakfast but I was afraid it would take the same length of time again.
The manager also offered another one on the house next time I was there but I was visiting from Ireland.
I very rarely mark a place down but there you go.
Big improvement needed here!",
2,Italian Quarter,25/02/25,BenandGerry,,"Order 2 cakes one red velvet the other was wrapped in pink chocolate and fruit
( half a strawberry,3 blueberries and 1/2 a blackberry) for £6 sponge was tasteless, must have been made yesterday as fruit was dry and soft ( unlike the one on the front ) cream tasted synthetic,
And red velvet sponge tasted no different
Unfortunately we were in a hurry
As service was slow
So didn’t have chance to complain
But wouldn’t go back",
,,,,,,
Google,,,,,,
Stars,Site,Date,Guest ,Area for Improvement,Comments,Action Required
1,Lark Lane,20/5/25,Amanda Morton,Food / Service / Atmosphere,Cafe was quiet. It took 25 mins until I got my coffee. £4.40! Will just go to Costa in future.,
3,Lark Lane,19/5/25,An Du Thinh,Food / Service / Atmosphere,"Nice coffee, pastry and good service, but unfortunately outside seating atmosphere affected by drunk/drugged up scallies from Keith's interrupting guests.",
1,Lark Lane,19/5/25,Oliver Boyd,,Coffee is rank. Would not recommend.,
3,Docks,15/5/25,"
Dan",,£5.50 for a regular oak milk mocha is a little too steep to be returning,
3,Duke Street,15/5/25,Niraj Pankhania,Service / Atmosphere,"The food was great and location was really nice. Reminded me of Sicily since we went on a sunny day. Unfortunately, the staff member that served us was very inattentive and was somewhat ridiculing when we enquired about one of their promotions. I go to a lot of cafes and usually being friendly and warm is part of the appeal, but this left a bitter taste",
1,Duke Street,8/5/25,Gustavo Roberto Bonifacio,,"Really grateful, but, to order for delivery, do it one hour before, because they don’t prepare the food for delivery, only for customers in place!!!",
1,Lark Lane,8/5/25,John Hughes,Food / Service / Atmosphere,"We were really looking forward to our visit, and looking forward to food and supporting a local business, we paused why because the experience was overshadowed by something quite disappointing.

My girlfriend, who speaks the same language as some of your staff, overheard derogatory remarks clearly aimed at her. Perhaps you assumed she wouldn’t understand — but she did.

It's disheartening to be treated that way in any setting, especially somewhere that presents itself as welcoming. Professionalism doesn’t stop at the plate — it’s about respect, too.

We won’t be returning, and we sincerely hope you reflect on how you treat your guests.
Rispetto. Sempre.",
1,Docks,8/5/25,"
Shereen Shaw",Food / Service / Atmosphere,"We went for breakfast and we were disappointed. We were first told the bruchetta dish was available at different time later and cannot be made now. We chose smashed avocado dish on sourdough and I had veggie breakfast. Service was v slow we sat for a v long time waiting for food. When it came the avocado was on ""fried"" sourdough bread slice, hard & unhealthy. My husband asked for another piece of bread and moved the stuff on it instead leaving the fried piece on the plate. My veggie breakfast dish was OK. They charged us £2 for the bread. No one asked if food was OK. No one cared to check anything we were left for long before food and when we asked for the bill. We had to walk to say we need to pay now. Really poor service and it was disappointing since we decided we won't go again.",
1,Docks,8/5/25,Andy F,Food / Service / Atmosphere,"Been twice and had different problems each time. First time the chef had just started lunch, with no stand in, so apparently we couldn't order food for 40 minutes. Second time they said they were stopping all food until the end of the day (it was 1.30pm). Looks very nice on the outside, cakes look really good but just so unreliable and not being able to get food both times means we won't be returning",
3,Lark Lane,1/5/25,Steve King,Food / Service / Atmosphere,"Cakes look amazing and are expensive, so was looking forward to them, but they made me feel sick. M&S cakes are much better.",
3,Lark Lane,21/4/25,Sumantra Saha,Food / Service / Atmosphere,"We were in Lark Lane for Brunch when we came across Gran Caffè, it looked new and had a nice decor.
The 2 staff were very welcoming, the menu needs upgrade they were just A4 sheets of printed paper. The guy who took our order already looked very confused. It took about 20-30 min for our order to come, our drinks was served first, it was ok. The food was good and standard, we had ordered Gran Fry, Garden Fry and Avacardo Smash. They then took 15-20 min to serve our desert which was tiramisu and nuttela cake. The tiramisu was frozen inside.
We felt the service was slow and the place needs more man power.
The decor outside is really good, food is fine but the customer service needs a lot of improvement.",
4,Duke Street,21/4/25,"
Jatin Patel",Food / Service / Atmosphere,"Great food and service
Will be visiting again
Get their early to get the amazing crossiants",
1,Lark Lane,20/4/25,Georgie Moore,Food / Service / Atmosphere,"Unfortunately we had a terrible experience here.

Firstly we were delivered the wrong coffee to the table, and when the right coffee was delivered the waiter spilt lemonade in it as he put them down and just didn’t say anything.

Our food arrived and my steak sandwich was inedible. I had to send it back which I literally never do because I couldn’t even take a bite out of the steak. It was grey, slimey and so tough. Then my mums poached eggs and avocado on croissant came out and one egg was so raw that it was all snotty in the middle and the other egg was basically hard boiled and she cut into it half the water from the pan spilt out all over her meal. Maybe this was a blessing in surprise as it made the rock solid croissant soggy and she could at least cut into it as it was so stale.

Would not recommend. I ended up just not eating after my fail of a steak sandwich and instead of trying to rectify our order, or giving us a discount on our bill, they simply removed the sandwich and £2 egg charge. So I still paid £40 for possibly the worst brunch I have ever had.",
3,Docks,12/4/25,"
Susan Grant",Food / Service / Atmosphere,"Although this cafe is a bit off the beaten track and I really wanted to like it. First impressions were good, we were quickly shown to a table and placed our order of 2 coffees, a prawn cocktail sandwich and French toast with berries. The coffees came pretty quickly, however we had to ask twice about where our food was and after 45 minutes it arrived with a bowl of fries by way of an apology for the wait! I'm afraid to say the food was actually not worth the wait. I could understand a 45 minute wait had the place been busy but it wasn't, it could be 'opening teething problems' but I won't be in a hurry to return.",
4,Docks,27/3/25,"
Mandy B",Food / Service / Atmosphere,Recently opened in this location. Called in here for cakes as Carmines bakery next door apparently don’t do cakes now that Gran Caffe has opened. Purchased 2 individual cakes which were £6.50 each. They were good but not worth that price for a take away. Staff were friendly and efficient and caffe looked great with tables outside. Location seems a bit off the beaten track for such a venue but maybe they are looking to the future with lots of apartments being built around.,
3,Lark Lane,27/3/25,John,Food / Service / Atmosphere,"Hardly any vegan options. Only 1 dessert option. It's 2025, and I expect much better options.
Dogs are allowed but only in the front where it is extremely cramped. There's no logic behind this decision not to allow dogs to sit in the back.
The maple syrup served with the french toast is almost certainly golden syrup masquerading as maple.
The staff are attentive and friendly.",
2,Lark Lane,24/3/25,Carol Stanley,Food / Atmosphere,Been here twice ( won't be a third time) both times have had to wait very long time for a table last (sunday) time we had a coffee's while waiting ended up finishing them then walked out,
1,Lark Lane,8/3/25,Maria Moura santos,Food / Service / Atmosphere,"pleasant atmosphere and the food was good, when I went to thank the head chef and the other employees, I noticed that at least 45% of the employees do not have work permits, Brazilians... 😔 a big company like this should be more afraid of immigration, the fine for this crime is very high, it is better to review the employees 😉",
2,Lark Lane,1/3/25,Sheila Adams,Food / Service / Atmosphere,I have tried here on quite a few occasions and each time I'm terribly disappointed. The food is lovely the decor is lovely but the service each time is so poor . At a relatively quiet time I ordered a coffee and a piece of toast after waiting a least 20 minutes I decided to leave when I explained to the waitress why she offered no oppology just shrugged her shoulders . This wasn't my first experience but I'm afraid it may be my last you cannot serve quality food with bad service.,
2,Lark Lane,15/02/25,Kieran,,"We came to Liverpool to see family and we stopped at the Gran Caffe for a coffee and a cake. From the moment we sat down we felt like we had an alloted time of 5 minutes before we had to move on, in fact, I believe it was the owner kept asking us once we had finished what we had paid for and if we needed anything else (making it clear it was the time to move on). Lovely deserts but won't be coming back here.",
3,Lark Lane,08/02/25,Kea-ra Jackson,Food / Service / Atmosphere,"Coffee was delicious, food was nice, but £6.50 for a freshly squeezed orange juice is outrageous. The toilet was absolutely disgusting with pee everywhere, definitely needs checking more often. Says it's a disabled toilet but a larger wheelchair would struggle to get to the back corner and turn into the toilet. The emergency cord was tied up high and hangs directly above the toilet, so if someone fell or needed assistance from the floor, there's no chance of pulling it. The service was great, the staff were very attentive and friendly.",
3,Lark Lane,8/2/25,Cassandra Hodge,Food / Service / Atmosphere,I get takeout coffee and sometimes cake. Strawberry cheesecake is amazing 😍 The layout is nuts. You get served and don't know where to be or stand. Need to move coffee machine to the window and get hatch window. I feel in the way...heard staff shout at customers that were waiting for coffee to move. Some staff are trying the others are overwhelmed.,
1,Lark Lane,18/1/25,Kourosh Newman-Zand,Service / Atmosphere,Over-priced and insipid coffee. Coffee flavoured water served at a snail's pace. Avoid!,
1,Lark Lane,18/1/25,David Fergusson,Food / Service / Atmosphere,Walking in excited with my partner..didn’t know where to go and had no greeting at all or direction. Walked over to buy cake and got ignored. Ended up finding our own seat sat down for 5 minutes and got ignored completely. Luckily came to our senses and walked out before giving this place any money. Everyone in here looked miserable and the service was non existent. Please check CCTV like you seem to do and you will see the uncomfortable moment. Avoid if possible.,
2,Lark Lane,4/1/25,Katie Lee,Food / Service / Atmosphere,"As someone who lives on lark lane, I was so excited when gran caffe opened as it’s right on my doorstep and somewhere I wanted to make a regular spot. I went for the first time yesterday and the service was appalling, which is a massive shame because it’s put me off trying it again despite really liking the look of the menu. We went in for a bit of a treat and ending up just having a stressful experience that we didn’t enjoy.

My partner and I arrived wanting to just sit in and have a hot drink each & split a sweet treat. To start with there is no clear system for people dining in vs ordering to take away, e.g. a standing sign telling you where to wait to be seated. We queued up like everyone else and when we got to the front, we asked for a drinks menu at the counter (we would have needed this regardless of sitting in or taking away as we couldn’t see the options displayed anywhere). The manager politely asked if we’d like to sit in and advised us to wait outside. It wasn’t ideal sitting in the cold but we didn’t mind as it was quite busy and crammed inside and there wasn’t anywhere else to wait. After about 10 minutes we were offered a table which was being cleaned by a member of staff. The place was fairly busy, but definitely not unmanageable for the amount of staff there were to tables. We knew what we wanted straight away since we’d been sat outside with menus for a while, but it took over half an hour for anyone to come to our table to take our order, which is just an unacceptable amount of time for somewhere this small. The staff members weren’t particularly rushed off their feet or working quickly which made it all the more frustrating. It was only when I gave up waiting and got up to order at the counter that the staff noticed and came over, with no apology given for the wait. We ordered two drinks and a sundae to split, and after another fairly long wait our drinks finally arrived, but we didn’t get the sundae. Again we waited and waited, wanting to give the staff a chance as we appreciated they had other tables to tend to. Eventually we’d finished our drinks (which we drank slowly so that we could have them with our dessert) so this point I asked if it was on its way and was told 2 minutes. After waiting another 10-15 minutes with no sign of it, we gave up and asked to cancel it and just pay. Overall we spent about an hour there when all we’d ordered was two drinks and a dessert, and spent the majority of the time waiting for things or having to chase for them, which meant it wasn’t an enjoyable experience and we just wanted to leave. When we paid the staff member said “sorry about that” so they knew we’d had a bad experience, but that’s all that was said.

I’m hoping this just them finding their feet with being a new addition to lark lane, and that the service will improve in future - at that point i might give it another try and hopefully have a better review, but I wouldn’t go there again in the near future.",
,,,,,,
,,,,,,
,,,,,,
Facebook,,,,,,
Stars,Site,Date,Guest ,Area for Improvement,Comments,Action Required
,,23/01/25,Claire Mcaulay,Service,"I have never been so insulted in all my days in this place and all over the currency of my money,,this is my second visit into this beautiful looking shop with most  beautiful tasting cakes in the last year,,my first visit everything was perfect but yesterday I ordered my cakes and handed over a £20 a Scottish one for the man serving me to look at it as if it was an alien then proceeded to ask a young gentleman who was half his age a question about the note to than come back and me say “I am sorry but we can’t take Scottish notes” this is absolutely disgusting,,disrespectful and racism towards Scottish people,, as I informed the man Scottish money is legal tender and shop keepers are obliged to accept them but are not legally allowed to give them out as change,,obviously the young man worker took it upon himself to ignore this as he saw fit and didn’t even have the manners to say this to me himself whilst only standing 2 meters from me and sending the older gentleman to do his dirty work for him to who couldn’t have been any more embarrassed or apologetic,, lark lane is supposedly all about welcoming tourists and such a beautiful part of the city such a shame about this shops racism and ignorance towards Scottish currency,,everyone’s cash is the same colour these days !!! Most definitely WONT be back or recommending this place",