Tripadvisor,,,,,
Stars,Date,Guest ,Area for Improvement,Comments,Action Required
2,04/06/25,Peter Jay Nelson,,"Mediocre service to be honest, popped in last week when during a quiet period. 1 of 2 tables in the restaurant. Service was SLOW. Server appeared to be talking to his friend. I had a spicy pizza so ordered a coke which i had to remind him of 15 minutes later.. not good. Pizza was soggy and would droop if you held it up. not the nicest. Cutlery was dirty. Not a nice experience overall however the service, or lack of, is what upset me the most.",
3,26/02/25,"
DaveBoss",,6 of us dined. 3 had burgers and 3 had pasta. Those that had pasta were satisfied with their meals but the burgers were grey and looked like they had been boiled or microwaved rather than grilled. They seemed to put a carbonara type sauce in the burger which made it taste weird. Service was a little slow and not particularly that personal.,
,,,,,
,,,,,
,,,,,
,,,,,
,,,,,
,,,,,
,,,,,
,,,,,
,,,,,
,,,,,
,,,,,
Google,,,,,
Stars,Date,Guest ,Area for Improvement,Comments,Action Required
3,8/6/25,"
PJ L",Food / Atmosphere,"First time here, service was great and staff friendly. The food was just ok though.

I had the garlic prawns for starters. It was the strangest concoction of prawns in a gloopy garlic sauce over what must have been a full bag of rocket which had steamed and gone rather unappetisingly tepid under the warm sauce. These were all on top of a slice of bread that was in a wet and sorry state due to everything above it. I left most of it as it was meh at best.

I then had the Capricosa Pizza, it just didn't live up to the hype, ingredients on top tasted cheap to me, other than the overdone edges the base was sloppy and none of the flavours popped and it just seemed very flat and mediocre. The truffle and parmesan fries were greasy and swimming in oil, again left most of them...won't be going back.",
1,5/6/25,burak ceylan,Food / Service /Atmosphere,"Oh wow, what a masterpiece of a pizza. They almost put cheese on it — must be saving it for a special occasion. The ingredients are so poorly put together, you’d think it was a joke. But no, they’re actually serious… and they expect you to pay for it. Incredible levels of stinginess. Truly an inspiration in how not to make a pizza.

At least they don’t charge when I ask for extra burrata…",
2,15/5/25,Lee Mac,Food / Service /Atmosphere,Pizza parlour that's bang average. Doughballs were lousy and pizza was just ok. I won't be bothering again.,
1,8/5/25,The Moaning Bible,Service /Atmosphere,"Seriously awful attitude on some of the staff, especially a female with blonde hair who had an awful attitude, called ahead to ensure I could get served and dine in,
This was atleast 20 minutes until closing,
I was told over the phone ""we will serve up until 11pm""

I was asked If I was to sit down could I ""hurry up and order"" and was told ""go on then sit down"" like I was a huge inconvenience.
Then ""well if you don't finish will you be alright to take it away""

Despite being seated,it took 13 minutes for a member of staff to come and take my order, despite saying I already knew what I wanted

The food looks amazing, BUT I was not the only customer who was being rushed

Food looks fantastic but the customer service leaves an awful lot to be desired, if the shambolic service can be sorted this place would be excellent!!",
1,8/5/25,Tiffany Lockhart makepeace,,"Used to be one of my favourite places to eat but I ordered last week and got food poisoning, today I found a hair in my food.",
2,25/3/25,Hossam Osman,Food / Service /Atmosphere,Badly customer service,
3,24/3/25,vincent noy,Food / Service /Atmosphere,"Great Pizza, lackluster service.",
4,15/3/25,"
Jonathan Shaw",Food / Service /Atmosphere,"nice place to grab a pizza, busy but nice.. service was ok, just a shame the delivery drivers keep standing in the doorway with the door open in winter.. did ask the staff to close the door but ended up getting up and asking the delivery drivers to close the door myself...",
2,8/3/25,Sarah Ostenfeld,Food / Service /Atmosphere,"I don’t normally, write bad reviews but Crust used to be one of my favourite places on bold St, and when me and my partner visited a couple of weeks ago, it seems different the food wasn’t as good the starter we had was p prawns on bruschetta, it wasn’t that nice and it was £10 it wasn’t worth that. I also had a mojito that was £10 and I wouldn’t have got it if it was that much. The pizza was quite nice. I certainly won’t be returning for a long time.",
1,28/02/25,Mohamad Alshamry,Food / Service /Atmosphere,"The service it’s very bad and the person who take the order he is disrespectful person the old man his attitude was very bad and rude ,also he refuse to divide the cost but the food was good",
1,29/01/25,Orah Godwin,Food / Service /Atmosphere,"This place is really a dead place , very careless management, after paying 6 pounds for car park for 2 hours to have a meal in this place with my family and grandma, then we waited over 1 hour for our food , only to speak to someone and they said that they are just getting to know about our order now , I’ve been before and this is our second time but never ever will be again… time wasters",
4,29/01/25,"
Adrian Holmes",Food / Service ,Went here twice during stay in Liverpool. First time got pizza which was lovely. More disappointed second time when tried carbonara. Was quite bland unfortunately.,
,,,,,
,,,,,
,,,,,
,,,,,
,,,,,
,,,,,
Facebook,,,,,
Date,Guest,Area for Improvement,Comments ,Action Required,