Source,Stars,Date,Guest ,Comments
Tripadvisor,1,09/06/2025,GoPlaces34604195239,"I do not want to go into too much detail but I would this premises.
Totally awful experience on 29th may ,emailed to complain,phoned 5 times each time told a manager will get back but not happened.
Lovely venue but totally awful food ,service"
Tripadvisor,2,07/06/2025,Snowyowl29,"We came for our friends' 60th and 70th birthdays.
On arrival we were told there would be something special for the birthdays.
We were a party of 12 and were sat on 2 separate tables even though we had booked one table.
The service was very slow and we were sat away from the views.
The food was OK but not much savoury food.
Eventually they moved our tables together but they weren't set up nicely with white tablecloths like all the other tables.
Nothing special happened for the birthdays and it was disappointing all round for the money we paid."
Tripadvisor,1,06/06/2025,Dominica,"Fantastic views, but the service was less than satisfactory, when you order a certain drink and they decide to substitute it for something else without explaining they don’t stock what you originally ask for and when I complained the waitress came back with the original drink with her manager and he says that’s all they have and quite abruptly handed me the drink back , no apology or offer to exchange to something that I might actually want and drink !!!
As a group of 5 we decided to leave and not entertain eating or spending any more money in this establishment."
Tripadvisor,3,04/06/2025,"
Rita S","Panoramic was one of our favourite places to go for a special treat, but on this occasion we were disappointed at the inflated prices and the new, very small portions. The wine has risen from £33 to £50 a bottle and the bar food fish & chips is now like a tiny snack. Lovely views and location, but we believe there are new owners, so definitely, and sadly, not as special as it once was, which is such a shame, as it could be fabulous!"
Tripadvisor,3,01/06/2025,Helen G,"Afternoon tea in previous years was excellent. We were a large party but the waiting staff were panicked and didn’t give five star service at all. Food was not great, some sandwiches were ok but we had no tea or hot drinks served until after we had all finished and sat there a while. When we received the tea it was stewed. Afternoon tea is a competitive market and the only thing Panoramic has going for it at the moment is the view."
Tripadvisor,4,01/06/2025,TwentyTwenty89,"Visited with friends to use a voucher I had been given. We were all really excited to be visiting somewhere so exceptional. However, the experience just didn't live up to our expectations. I've heard from friends who have visited before that it is a ""5 star experience"" but it just didn't feel like it to us. Maybe the recent change in ownership is meaning things are taking a little while to settle down. We arrived less a few minutes early for our booking so the table wasn't ready so were shown to the waiting area only for no seats there to be available either so we stood awkwardly next to it and were clearly in everyones way while our table was set up. We were booked in for Luxury Afternoon Tea but were only given the Traditional Afternoon Tea menus so ended up buying our own drinks at the end which made it more expensive (and the price had already gone up since we booked). We didn't feel we were able to say as we were handed over to a different person at that point after we were seated. If you are going to have a drink it is worth paying the £5 more per person for the luxury as a drink will cost you more on its own. Sadly the table we were on meant one of us had to have our back to the spectacular view even though other parties of 3 were able to sit facing it, I understand this can't be helped and it isn't anyones fault (and they have a disclaimer about this on their website) but it is a disappointment when you are paying a premium for the view but can't see it when others of the same party size can.
The food is great and there was a lovely restful vibe, we didn't feel rushed and as old friends catching up were were happy to be left to chat without too much asking if were okay and needed anything else. The waiter serving us was lovely when he was over at our table.
Overall it is a good afternoon tea but it just didn't feel 5 star. We felt in the way and an inconvenience a lot of the time, the staff did all seem really busy and we just didn't feel special as 5 star is meant to make you feel."
Tripadvisor,4,17/05/2025,Jo W,"We haven’t eaten here for about 10 years and thought we would give it a try again as we were wanting a more upmarket dining experience.

Our experience overall was good but for the price charged it was definitely not perfect or to the standard we expected.

Our waiter was lovely, but we had only been sat down literally a minut before we were asked if ready to order. We also were not offered the wine list and had to ask for it which seemed a bit strange for a restaurant of this calibre. Later on, our waiter went off shift having taken our dessert order and after this we felt forgotten about as no one seemed to notice us after this.

We opted for the 3 course set menu as follows.

The bread offered before the starters was a lovely variety including a fabulous Croissant but the butter served with it was hard, making it difficult to spread, and we felt the Foccaccia would have been more enjoyable with olive oil and Balsamic alongside it.

The Amouse Bouche selection was again good but one of these was a beef carpaccio served on bread and my husband had already chosen this for his starter so feel they should maybe have offered something that was not on the menu as was repetitive.

Starters were good, ( Beef Carpaccio and Tuna Tartare ) but the Turbot main I chose was disappointing. The sauce was far too thick and creamy and covered the fish alongside the accompanying  too thick Caper sauce. Personally I would have preferred the  main sauce served on the side as i was unable to enjoy or taste the Turbot. It was a very small portion.
I felt the Turbot should have been the star of the dish but the sauces took over unfortunately.

 My husband opted for the duck which was perfect,  a substantially larger portion than my main.

The side of spring greens was basically a combination of shredded cabbage and pak choi, swimming in a watery buttery sauce. Not the best.

Our desserts were amazing ( pistachio tiramisu ), but our order didn’t go through to the kitchen so after about 25 minutes of no one looking after us we had to chase before the mistake was noticed. This was acknowledged and removed from the bill. 
It was also worth the wait as a really good dessert and decent portion size.

Not once were we asked if we had enjoyed our food. 

All in all, not a bad experience but could be better. We would return but I would probably opt for the tasting menu next time.

The setting and location etc are wow, and definitely upmarket but we felt the service could be better."
Tripadvisor,4,15/05/2025,Paula R,"We came to Panoramic on Saturday 3rd May 2025 for our wedding anniversary having been here a few time over the years and having always loved it.

The setting is fabulous, our table was wonderful overlooking the city and the drinks and cocktails were brilliant.

Sadly, I don't think the food was quite up to previous standards which is such a shame as I feel like we have never had a bad meal here before.  For £60-70 per head before drinks you do have certain expectations, and for us, it didn't hit the mark.
The asparagus starter, whilst very nice, was literally just 2 pieces of asparagus and some sauce.  This really doesn't warrant the attached price tag, it was almost laughable to be honest.  Even just add a nicely cooked runny egg on the side or something?!
The beef tartare was unfortunately quite chewy, with none of the expected depth or tang from shallots, cornichons, capers, herbs etc.  Just chewy beef on the (very nice) hash brown.

We both paid the supplement to have the beef wellington which we were informed comes 'pink' - of course!  Sadly, both were actually raw in the centre and inedible.  We ate around it, and did not complain due to our fantastic waiter, but the chef will surely have seen the raw centres be returned on our plates.  At a £10 supplement on the fixed price I really had high hopes for this.

I very very rarely complain about food quality, but at these prices when you add in drinks etc, you do expect everything to be well cooked as a minimum and it makes me sad to write this as I don't think we will want to go back after this experience.
I don't want to fully put others off though (hence the good star rating!) as I am hopeful this was maybe just a bad day!

My rating is largely thanks to our waiter and I would like to give a particular mention to our him (Alex I think it was) who was brilliant in all respects - gave great advice on the wine and cocktails, and even moved our table slightly when he could see I was struggling to see around the curtain!  Brilliant customer service and thanks to him we thoroughly enjoyed the overall experience, just such a shame about the food quality but hopefully that is a one off."
Tripadvisor,3,24/04/2025,"
Jayne V","It was 9 months since I last had lunch at the Panoramic 34 and was disappointed at the significant drop in the quality of the food. We took the lunch menu today, as previously, but the main course was luke warm and rather tasteless and the dessert which was served after the coffee! was very ordinary. On all previous occasions the food was fantastic but although the price was unchanged the food today was mediocre at best. Also the choice for the lunch menu was far from exciting. The view however was as lovely as ever."
Tripadvisor,4,21/04/2025,Catherine R,"The views were absolutely breathtaking, an amazing place to have lunch! The food was absolutely delicious, we had the beef and fish of the day for our Sunday lunch, followed by tiramisu (amazing!!) and an apple crumble. The staff were very attentive too."
Tripadvisor,3,15/04/2025,Nicola K,"Luxury afternoon tea a total disappointment, was expecting exceptional service and food . Very overpriced. Poor service staff not trained in table service. Clumsy and slow. Cocktails were lovely, but no choice in teas . Sandwich like door stops bread dry and filling tasteless. Other savouries OK. Cakes some very good with good flavours but most poor in taste and structure. Scones were like rock cakes . Also felt hurried even though it was a 2 hour slot . Service charge slapped on bill with no acknowledgement of our disappointment with food or service.
Yes the view is amazing on a good day but it's not worth the money."
Tripadvisor,1,12/04/2025,EithneHynes,"I was looking forward to 5 star dining and unfortunately it was a disaster from start to finish. Lovely front of house staff but no real idea about a 5 star dining experience. Starters arrived immediately after our pre dinner cocktails....so we had to send them back do we could enjoy the cocktails. The starters were mediocre flavour wise...nothing to write home about. My main was duck which was served so undercooked that it was raw. It ended up my husband ate his meal while I watched and then he watched me eat when my second attempt at the duck dish arrived. It was cooked but the fat was flacid and unrendered, unseasoned and drowned in brown flavourless gravy. We did not pay for my starter or main. The one desert we ordered was mediocre. We would not recommend and were thoroughly disappointed."
Tripadvisor,3,07/04/2025,Customer's experience,Afternoon tea. Was OK. Slow service. Tables and chairs in lounge area tatty and chipped. Expected higher standards. Bread was dry on Sandwiches. Bit disappointed as expected higher standards.
Tripadvisor,2,02/04/2025,Paul K,"Whilst the views (even on a cloudy day) are breathtaking - sadly the staff’s attentiveness (or lack of it) detracts from what should be Liverpools No1 spot for any celebration. The food was great and plentiful - but waiting 20 minutes to get our first glass of water was not. Staff knocking things over - ignoring our tables requests for tea, forgetting cream and jam and then having to be chased several times, topping it off boxes thrown at us to box us leftovers ourselves was not the end to celebrations we had been hoping for. We’ve been several times since the new owners took over and sadly with each visit the service is getting worse and worse. Training on the basics of customer care and attentiveness are lacking sadly. We won’t be rushing back again."
Tripadvisor,3,29/03/2025,thecoopersCheshireUK,"We arrived a little early, but no problem, when to a nice table with - as you would expect fantastic views.
Decided on the 7 course taster menu, we asked for one course to be changed from the tomatoes to tuna tartare. We also followed the wine flight.

All the courses were excellent, we really enjoyed the Scallops and Cready Carver Duck.

Where I would make a few comments- to help improve things ( for the new owners?)

We know how tough this industry is, so no show stoppers! Overall it felt like the REACHEL REEVES EFFECT how can great restaurants afford more staff ?? She’s crippling the industry. It felt “one person short” but who blames them as an avalanche is about to hit small businesses!!

Only once - when a young guy came over did we get a description of the course - he showed good initiative. It enhanced the experience with just that touch.

The wine list is changing a bit, we were told, leaning a bit more to Italian sourced? All good.

One of the wines had been swapped out on the pairing, no issue,but we spotted it, just feel telling us would have a nice touch.

There was a lack of coordination between bar staff cellar and the table, we sat waiting for our wine when food had been served.

Would we go back? Yes. The comments are there to help, not put people off."
Tripadvisor,1,24/03/2025,lesley,"Vegan afternoon tea,
Fur coat and no knickers. Do not waste your money here. Woefully disappointing.
It all sounded and looked very promising, it was abysmal. There was only two of us, a birthday treat. They brought the wrong drinks.
The unexpected Arancini were fried to form a hard shell, the bite size crust of bread with a beetroot and whipped something combo, was like chewing a piece of material. This was not the beetroot and sliced vegan feta sandwich as advertised, We asked for no cucumber on the creme fraiche sandwich, they swapped it for another chopped olive and l think mustard vile combination on brown without batting an eyelid, they knew they were out of order because they avoided our request for service 3 times, acting as if they hadn't heard or seen us, as l was waving my hand excuse me, excuse me please. First an angry heavily accented man was sent to explain the sandwiches, he acted as if nothing was wrong, They then sent a manager over who replaced the vile olive for another pickled onion and cheese on white each, and 2 of the beetroot and something combo which was on white bread this time, they were disappointing sandwiches. The scones would have knocked out a seagull, they brought the tea, after we asked for it please, one of the teaspoon and saucer had curry sauce on them, the best item served was an unexpected bite size mushroom pastry, it was okay. They apologetically brought some “champagne’ and after inquiring “was it a special day?” They brought a plate with the the words happy birthday wrote on it with 3 vegan jelly squares. They didnt give us a bill, just the payment receipt, we asked for a bill they had added a “service charge’ out£&nrageous the audacity! Never ever after."
Tripadvisor,3,13/03/2025,andrew h,"Atmosphere was good, views spectacular.
Customer service was fine.
Food was disappointing. Not for money they charge!"
Tripadvisor,2,07/03/2025,Phil And Diana W,"My wife and I have been visiting the City of Liverpool now for over 15 years and if we have cause to celebrate a special occasion whilst we are here, we have chosen the Panoramic 34. Over the years, as a couple, or with family or friends we have always experienced exquisite fine dining meals, in such an amazing environment.
It was against this background we suggested a visit to the restaurant with friends who had not visited either Liverpool or Panoramic 34 before.

The evening started well, with a lovely welcome from staff as we arrived at reception and indeed our server for the evening was friendly and attentive.
What was disappointing, however was:

* The general level of food quality has slipped and could not, anymore be described as ""fine dining"". This is now simply pub food in a lovely environment. We all had an average Roast followed by a very average dessert. ( No amuse bouche, pre dessert or nice touches that made you feel special and that the expensive price tag was justifiable)

* A price supplements added to an already expensive ""Sunday"" menu if you chose to order roast beef!

* A charge of £2 per person for the addition of a small jug of gravy which was needed as our roast dinners/ Yorkshire puddings were dry!

We left the restaurant, having paid the bill of £272 for 4 x 2 course Sunday Roasts, not talking about what a wonderful experience we had enjoyed, but the £2 jugs of gravy.

The new owners need to re discover the essence of what made Panoramic 34 so special, and quickly as the restaurant was unusually quiet, and we now know why! Its a real shame but we will not be returning if this is what is currently on offer. Sorry."
Tripadvisor,2,29/02/2025,Paul K,"Whilst the views (even on a cloudy day) are breathtaking - sadly the staff’s attentiveness (or lack of it) detracts from what should be Liverpools No1 spot for any celebration. The food was great and plentiful - but waiting 20 minutes to get our first glass of water was not. Staff knocking things over - ignoring our tables requests for tea, forgetting cream and jam and then having to be chased several times, topping it off boxes thrown at us to box us leftovers ourselves was not the end to celebrations we had been hoping for. We’ve been several times since the new owners took over and sadly with each visit the service is getting worse and worse. Training on the basics of customer care and attentiveness are lacking sadly. We won’t be rushing back again."
Tripadvisor,2,24/02/2025,"
ljebc","Unfortunately, we didn’t have a great experience and we won’t be returning.

When we arrived we were shown to the bar area and given a drinks menu. It took around 10 mins for someone to come back and take our order and then another 15-20 mins to be served our drinks. We assumed our table wasn’t ready but after realising we’d been in this bar area for 40 mins in total, we asked the staff if our table in the restaurant was ready. It was at this point that the panicked looks from staff confirmed that someone had messed up our booking as we had been booked in for a bar table instead of a restaurant table.

We were quickly shown to a table and we ordered our food. The starters were served relatively quickly and all was good, however we then had to wait over 30 mins for our mains. Staff didn’t acknowledge this or check in with us and given how much you are paying to eat here, I think the service was really poor.

Though the food was nice, the portions are really small I don’t think it’s good value for money. A bowl of chips was £6.50 and the tiny bowl had around 5 chips in it.

Overall, I think you are paying for the view here - it was an expensive meal and the service and food just didn’t match the high price point."
Tripadvisor,2,21/02/2025,Pam J,"We went as a group of 8 ladies for an 80 th birthday . We were expecting a nice table with linen table cloths and views of the city . However what we received was very different, we were shown to bench style seat in a corner away from the windows with an additional 3 very uncomfortable chairs. The table was 2 coffee tables pushed together and certainly no cloths and we certainly didn't have a view . The waiter had great difficulty fitting all the crocery and food on the table and we spent our time moving things round to try and create more space .The food was very ordinary ,it would have been better with more sandwiches and less cake . All together a very disappointing experience and certainly not value for money"
Tripadvisor,1,12/02/2025,Elaine R,"Very Disappointed, afternoon tea,my family of 4 was seated in what we though as first was a waiting area turned out it was our table, we admired the main eating area with table cloths and views over Liverpool. We we in a dark corner squashed up against a curtained window, no space for our coats, we’re asked if we would like water, later to find out we were charge £4.50 for tap water, coffee was awful so was tea, sandwiches were stale and horrible… cakes not great..Service charge was added to our bill £9.95
What a waste of money, Not at all what we expected .."
Tripadvisor,4,04/02/2025,Gillian W,"Another one to go on our list of top spots in Liverpool. I just love living in this vibrant city and I am so enjoying chatting with the locals who live life like there's no tomorrow! If there is no tomorrow, this is certainly the kind of place I'd choose for my last meal and bottle of wine! May as well go happy..."
Tripadvisor,3,27/01/2025,scott c,"Views and food is fantastic.
I would recommend to go early so the staff are full of energy and attentive. We sat down at 5pm and we were pretty much left alone apart from food being put on the table."
Google,2,10/06/2025,"Christine Doran
","After a recent visit for a special occasion. Have to say it was beyond disappointing. The service wasn’t great in an empty resturant, to have to wave down the waiter to get a second drink after we all had waited with empty glasses. The other staff sat on an empty table chatting away didn’t create an ambiance suitable to the venue and to top it the light up table kept annoyingly flashing on and off through out the meal. Our waiter failed to notice but another waiter did who progressed to fix it but going under the table between my daughter and I, which I didn’t think was appropriate. The bread was fantastic that accompanied the food. That was the best part along with the side of chips. The main cause of the duck was embarrassing for a mains. A tiny slice that’s wasnt very tender. I’d seriously suggest stay in get the duck from M&S which is far superior and you can cook it better yourself. Overall I really wanted this to be a great local venue for special occasions. I have been in the past and had a very nice time. But unfortunately the worst choice for my daughter’s 21st birthday."
Google,1,05/06/2025,vivien unwin,"Arrived for lunch 1.30, we were served drinks & ordered our food. Waited 30 mins for our starters for 3 in our party of 5. Then 2 HOURS after our arrival finally got our main courses of 3 beef wellingtons & one fish dish. All beef wellingtons were sent back as they were cold and inedible. Such a disappointment as we were celebrating my brother’s birthday ( who was visiting with his wife from Australia). Will not be going back!"
Google,4,29/05/2025,"
Ken C","Stunning views befitting the name.
Food is good, not spectacular.
Worth a visit."
Google,4,08/05/2025,LuDster,"I had such high hopes for this place after reading all of the good reviews, but it just wasn't as good as it should've been 🫤
The location and foot are excellent 👍 but the Service was a bit of a shambles 👎
I visited for a Business Lunch with a colleague who was over from the USA. We had a great table with stunning views 😎 Then the Service problems started...we had booked a Lunch Menu but we were given Dinner Menus (it was 13:30) On asking the Waiter to change the Menu, this took him 10 minutes to resolve 🤦‍♂️.
Then it took about 10 mins to order drinks, another 5 mins to order food.
When the food arrived (which was within a normal wait 👍) it was REALLY good 👍 Great presentation, great ingredients and tasted lovely 😎
As we were running a bit late (and my colleague had to catch a train to London), we asked if we could get Dessert straight away. Nothing arrived and it took about 10 mins to get a Waiter's attention (they seemed busy serving Afternoon Teas). We waited another 5 mins and had to ask again, this time we asked if we could just get the Dessert to go. This took another 10 mins of them faffing around and nobody actually undertaking the task 🤦‍♂️
A couple of other things about the staff which need improving - One of the Waiters repeatedly apologized for some of his lack of knowledge & his slowness/delays, based on him having ""only worked there for 3 days"". That shouldn't be something I need to know, he just needed training properly. Also, some of the none-Waiting Staff congregated by the Bar/Toilets chatting for long periods of time, blocking the way and paying no attention to Customers who wanted to get past them 👎
It did put a real tarnish in the experience, I was there 'showing off' what should be a Gem of a Liverpool Restaurant and this aspect just let the Restaurant down 👎
I still think it's a great place to eat, and whilst it is pricey, it is well worth it 👍
I will return, but please sort out your Staff"
Google,4,08/05/2025,Connor Flanagan,"We visited Thursday, May the 1st. Just want to say this venue is absolutely lovely. From the reception to your table. The food options were great. The actual time, presentation, and taste. Amazing. Our waiter was great. He did explain he was quite new to the job so couldn’t offer to much as for recommendations when it came to the menu besides what he’s already had or has been told. But he did amazing. But the only let down of the night (which is why we’re going 4/5. The older staff member. Male, late 40s maybe early 50s. Was very bossy towards the staff and never had a smile on his face and could tell he was very strict with every little thing that the other staff was doing. I wanted to taste my wellington without the gravy that was provided. And he came out of nowhere and without even asking picked up my gravy and poured it all over my wellington, seconds after I had my first bite. And just walked away after. It wasn’t his table. We didn’t have any communication before or after from him. But he undermined his staff and took to change my own dinner because he thinks the gravy HAS to be on it. I’ve read reviews before coming and it seems this seems to be a massive issue out of people are having. Yes, I understand it’s a part of the service. But please just let people pour or use their sides of the food their buying on the customers terms. Or AT LEAST… ask.
But besides from that. 5/5. Great venue, food, and the rest of the staff was fantastic!"
Google,4,23/04/2025,Jennie Keane,"Food was amazing
Shame about the service though
The manager sent most of the staff off for a break and lost control of the diners
Rude and insulting
We ordered wine for our main meal and some of us had finished our meal before the wine arrived
We waited over an hour for desserts and he was indignant that he had to bring the menu over for us to choose as we could not recall what was on the menu
Shame as I’ve been here before as was looking forward to coming again with friends a really disappointing experience I won’t be recommending"
Google,3,19/04/2025,"
Evan Wong","overall the place is good, food is not bad. And the view is supposed to be good, but they managed to put me in a dead corner where I could hardly enjoy the view of the city, all I could see was just a little piece of the dock from a great distance, that's it. even after I requested I wanted a better view.

And I can see there's plenty of empty tables with better view but the staff refused to relocate us.

it turned into a bad experience.

not the best part of our trip."
Google,2,05/04/2025,"
Sheila Mcclure",Very disappointed the sandwiches hard and ice cold for price you pay better places in livepool
Google,2,05/04/2025,AY J,"Not worth the money, tbh too expensive with just average taste"
Google,3,26/03/2025,SJN Lewis,"Lovely setting, the food was just 'nice, however, for the portions that you got was well over priced. Sunday lunch came with a tiny square of rosti potato, a piece of asparagus and the chicken, less than half a breast. Roast potatoes and sprouts were an extra £13. Was asked if we wanted water for the table, failed to be told that it was £6 a bottle and was not given the option of service charge, it was added regardless. Definitely will not be returning. £148 for 2 course lunch for 2. Ridiculous"
Google,3,26/03/2025,Martin Airas,The view is magnificent but unfortunately it stops there. The meal which according to the photos seemed exquisite was ultimately only a disappointment
Google,1,26/03/2025,"
Sammy Mack",Never again! Fine dining experience? The only experience I know is that I will never go again and just put it down to experience! I am currently seeking to get a full refund.
Google,3,03/02/2025,Richard Bailey,"Disappointed.
Booked for 10, had two round tables, a 6 & a 4 so the feel of a group dining experience was completely lost..even after us moving the tables closer together. Two meals cold, a third returned and my guest didn't eat. Albeit the staff where pleasant enough it just wasn't that fine dining experience.
Drinks arrived but had to remind them that some where missing, more than once.
As for the bill..£1460.00 no deduction for the returned meal, I removed the £150 service charge & they did then remove 1 meal.
Overall the service was not as high as the restaurant was.
The views over the City are excellent & you could sit there for hours. Would I go back..? Not unless I was invited & had to.
So for those who say ""did you tell them"" yes on the night & I didn't really want to give a review on trip advisor but prior to this I emailed them on two emails they have & didn't even receive an acknowledgment."
Google,4,12/02/2025,Shaun Gelling,We popped in for some evening drinks. Enjoyable experience.
Google,3,18/01/2025,B Beck,"Great atmosphere but in our opinion, the food and service was not worth the price (taster menu)."
Google,2,19/01/2025,Marcus Bishop,"The visit was pleasant mainly because of the view, however food was disappointing for the price. The roast turkey had undercooked potatoes - it is not difficult to do roast potatoes, so quite disappointed. Also no sides included in the already pricey meals.
On a separate note, two of our party developed norovirus around 1 day after visiting. Not sure if it came from the food, but the restaurant was a candidate."
Google,3,18/01/2025,Gold Music,"Lovely food. Fresh, well presented and tasty but customer service was disappointing on our visit.
When giving in our name for our reservation the member of staff cut across and spoke over me very rudely and directed us to the lift abruptly. Once seated upstairs our waitress was unfriendly and napkins were virtually thrown at us/cutlery was laid out noisily and clumsily. A shame really..."
Google,4,19/01/2025,Maxine McCarthy,"It was Ok but not great - sandwich fillings were not the best quality and should be given that you get one finger sandwich of each filling - prawn cocktail one especially cheap tasting
The cakes were nice but again not great
Views amazing staff lovely"
