Source,Stars,Date,Guest ,Comments
Tripadvisor,3,14/05/2025,Keith H,"We have been visiting Il Forno for over 15 years, it’s where we got engaged many years ago, making it a place of special significance. After moving away, we hadn’t visited in some time, but while back in Liverpool for our wedding weekend, we decided to return for a nostalgic ""last meal"" as an unmarried couple.

Unfortunately, the experience fell short of the exceptional service and food we had come to expect from Il Forno. From the moment we arrived, it felt as though the priority was extracting as much money as possible from us rather than providing a memorable dining experience. The service was mediocre, and the food didn’t meet the restaurant’s usual standards that we had come to expect.

While we fully understand that restaurants are businesses, there’s a fine line between good customer service and exploitation, a line we felt was crossed when presented with an £86 bill for one starter, two pasta dishes, one dessert, and a couple of Cokes. We don’t mind paying for quality, but the value must align with the experience, or customers will inevitably feel taken advantage of.

This may have been an off night, but it was a disappointing visit given how much this restaurant once meant to us. We hope this isn’t the new norm, as Il Forno has been a favorite of ours for so many reasons."
Tripadvisor,2,15/05/2025,Maureen M,"We as a family were celebrating our brother in law's 70th birthday. We arrived on time for 6.30 pm and waited at least 30 minutes before we were seated. We were gathered in the bar which was overcrowded and felt in the way as waiters bustled by. When we were finally seated we waited an eternity for service. For a Saturday night there was definitely a shortage of staff. The staff who did serve us were pleasant and you could sense they were under tremendous pressure.  It was also noted they were spoken to in a nasty way by their manager who appeared to be a bit of a bully.  Service was slow, plates were not given for sharing courses, cutlery and napkins were missing and some of the food was cold and unpleasant. Prices are high here for both food and wine and you expect better. "
Tripadvisor,2,22/02/2025,Michael V,"Racist front reception. I don’t know how that woman can work in such a diverse environment.

Rest of the staff was quite flawless.

This woman made such a long face when I told her my name on the reservation I made.
She then proceeded to make us sit at the bar WHILE SHE LEFT 3 OTHER GROUPS THAT CAME AFTER US STRAIGHT THROUGH TO THEIR TABLES, 2 OF WHICH WITHOUT A RESERVATION.

I have politely asked as to why our table isn’t ‘ready’ after she had left these 3 other groups of people straight through, no answer just walked past us like we weren’t there.

Came up to the desk to ask what is going on. She immediately left and brought her manager which was able to seat us immediately with no other questions asked.

The service is slow however they do let you know that the drinks/food is still on the way which is a nice touch.

Food is decent for the price but nothing to brag about.

Despite what I have said other than the racist woman at the front desk the staff was very nice to us and we decided to keep the service charge on.

Would not recommend/come again due to the racist woman at the front desk."
Tripadvisor,4,20/02/2025,David,Very nice Italian food menu including vegan & Gluten free options. Food was very delicious both pizza & assorted pasta dishes. Nice dinning area with open kitchen spotlessly clean. However my 4 score goes as I felt the staff were rather cold in approach not going the extra mile clients sometimes like.
Tripadvisor,1,28/01/2025,Gary Jamieson,"Ordered lasagne- very poor,cheap ingredients. Cooked in pizza oven. Pre-made. Brushetta with budget chery tomatoes. Basic salad,with hacked cucumber Peroni larger . All ×2 £86.00 Very poor quality &laughable Pretending italian More captain birds eye Manager walks about as if,on a catwalk. Peacock's it. Avoid at all cost"
Tripadvisor,2,08/02/2025,Jenny J,"My original review seems to have dropped off....
On visiting on a Monday night we hadn't booked, I asked if we could have a cosy table as it was bitterly cold outside; we were sat away from everyone else nearest to the door, would have appreciated a table to the magnificent open kitchen...
Drinks service was very prompt and we'd hardly looked at the menu before being asked if we were ready to order...
The Antipasti sharing board was the best we've had however that was let down by the two cooked mains we ordered; I asked if the puttenesca was well coated with sauce, the waiter suggested adding more sauce for me, however on tasting this was so incredibly salty and the only taste was overwhelmed with anchovies (my thought is that the anchovies are used to enrich the sauce not overpower it); I asked if this could be replaced by a simple pasta & tomato sauce advising I would pay the extra.... this arrived as my husband had finished his meal....
My husband ordered the Carbonara however due to the theatrical mixing at the table in a large white marble dish this was served cold... we don't mind paying for good food but we were both left disappointed and underwhelmed by the cooked elements of our meal 😔"
Google,1,07/06/2025,Deborah Hilton,Did not enjoy my meal no taste of garlic on the garlic bread lasagne bland
Google,4,29/05/2025,Peter McDonnell,"Food was amazing, just like the first time we went there. The place looks nice inside and the staff are very friendly. The price is a little high for the portion size. I'm knocking 1 star off as there was 2 people with no uniform behind the counter where the chefs cook. One of which was a kid in his school uniform, leaning on the counter top and hovering over where the food was being prepared."
Google,1,29/05/2025,"
Ashley Keaveney","One of the worst places I have ever eaten in, I honestly don't know how it has got any good reviews, the food was terrible and under cooked, came with wrong order and made us feel like we were at fault for the waiters mistake, the waiter sat on top of the table opposite us when she took our order, the whole place felt tacky and I was better off going to McDonald's for a meal, recommend staying well clear of this place."
Google,1,29/05/2025,t t,"Very disappointed.
Flat out sucked."
Google,1,08/05/2025,Lauren Procter,"Myself and 9 others came for the “bottomless brunch” and were all left incredibly disappointed. We were not served for the first 20 minutes we were there- the table was only booked for an hour and a half. A waiter came over to our table one hour into the meal and threatened us with their right to refuse service under the Licensing Act 2003, he told us we were “shotting cocktails” and “drinking at an unnecessarily fast pace”. One hour in and we had been served only two cocktails each, and the drinks claimed to be “unlimited”. We discussed this matter with multiple staff members highlighting that we were dissatisfied with the service and the rude attitude from the waiter. They simply brushed off the issue, were unfriendly and provided a lack of care to resolve this matter. I will not be coming back to Il Forno again."
Google,1,08/05/2025,Tyler Atack,"So we ordered a bottomless brunch and after 2 pornstar martinis a very rude waiter asked us to slow down the drinking and threatened to stop serving us under the licensing act. Its A Bottomless brunch. No one in our group was being rude or rowdy and no one was being loud, this completely ruined our experience. The servers were very rude and slow. Highly DO NOT reccomend."
Google,1,08/05/2025,Kate,Bottomless brunch was cut off after 2 drinks
Google,1,23/04/2025,Alison Wilcock,It’s not the first time I have visited this restaurant but it is certainly the last! I have probably been here approximately 8 times and I have taken friends to enjoy a meal there but this evening food was terrible. Steak cold and undercooked but to add insult to injury the chef h
Google,3,26/03/2025,Lorenna Menezes,"I would not recommend it. Honestly I was expecting a way more. The place is fancy but the food is ordinary. We ordered the beef tartar, carbonara pasta, beef lasagne and marguerita pizza. All food was just disappointing lacking taste, presentation and expensive for what it was. Would not come back to eat here. Only good think was service."
Google,4,04/02/2025,Ellen Chen,"Fairly good meal but bit pricey. I enjoyed the beef tartar being served by the table (bread can be fresher but it's fine). However, though there was a bit of theatre having my seafood pasta heated, plated and served at the table, I wonder if that was the best idea. Seafood is easily overcooked, and I think the prawns, clams and mussels did not need this extra process as they were slightly overcooked.

Otherwise a pleasant evening. Nice atmosphere but not quite 5 stars."
Google,2,03/02/2025,Jenny Davies,"After reading previous reviews we were looking forward to an authentic Italian meal;
We hadn't reserved a table as it was a Monday night, on entering I asked for a cosy table as it was bitterly cold outside; we were sat at the edge of everyone else in the room; furthest away from the fantastic open kitchen....
Service for drinks was prompt and we had barely been able to look at the menu before being asked to order; I asked if the puttenesca was well coated with sauce; the waiter advised they would put extra sauce on... my husband ordered the carbonara...
Sadly the only food we both enjoyed was the sharing Antipasti (no cooking involved) this was one of the best we have had 😊
My dish was so salty with a really overpowering taste of anchovies (my thoughts are anchovies are used to enrich the sauce) I had to ask for this to be taken away and replaced by a simple pasta with tomato sauce.... my husbands dish would have been lovely however due to the Thaeatrical mixing in a large marble bowl; it was eventually served cold....  we don't mind paying fir good food but was left feeling very underwhelmed by the cooked elements of our food...😔"
